{
  "adj_matrix": [
    [
      0,
      1,
      1,
      1,
      0,
      1,
      1,
      1
    ],
    [
      1,
      0,
      0,
      0,
      0,
      0,
      0,
      0
    ],
    [
      1,
      0,
      0,
      0,
      0,
      0,
      1,
      0
    ],
    [
      1,
      0,
      0,
      0,
      1,
      0,
      1,
      0
    ],
    [
      0,
      0,
      0,
      1,
      0,
      1,
      0,
      1
    ],
    [
      1,
      0,
      0,
      0,
      1,
      0,
      0,
      1
    ],
    [
      1,
      0,
      1,
      1,
      0,
      0,
      0,
      0
    ],
    [
      1,
      0,
      0,
      0,
      1,
      1,
      0,
      0
    ]
  ],
  "edge_list": [
    [
      0,
      1
    ],
    [
      0,
      2
    ],
    [
      0,
      3
    ],
    [
      0,
      6
    ],
    [
      0,
      7
    ],
    [
      0,
      5
    ],
    [
      2,
      6
    ],
    [
      3,
      4
    ],
    [
      3,
      6
    ],
    [
      4,
      5
    ],
    [
      4,
      7
    ],
    [
      5,
      7
    ]
  ],
  "traffic_matrices": [
    [
      [
        0.0,
        5.999999999999995,
        15.199999999999987,
        13.599999999999987,
        8.399999999999991,
        7.199999999999993,
        7.599999999999993,
        13.999999999999988
      ],
      [
        7.199999999999993,
        0.0,
        13.999999999999988,
        7.599999999999993,
        4.399999999999996,
        3.9999999999999964,
        14.399999999999986,
        1.5999999999999985
      ],
      [
        3.199999999999997,
        7.599999999999993,
        0.0,
        5.599999999999995,
        3.5999999999999965,
        3.199999999999997,
        3.9999999999999964,
        2.3999999999999977
      ],
      [
        12.399999999999988,
        3.9999999999999964,
        9.999999999999991,
        0.0,
        2.7999999999999976,
        1.1999999999999988,
        4.399999999999996,
        3.9999999999999964
      ],
      [
        0.39999999999999963,
        5.199999999999995,
        15.599999999999985,
        3.199999999999997,
        0.0,
        3.9999999999999964,
        3.9999999999999964,
        6.799999999999994
      ],
      [
        15.599999999999985,
        10.79999999999999,
        5.599999999999995,
        14.799999999999986,
        14.799999999999986,
        0.0,
        0.7999999999999993,
        12.799999999999988
      ],
      [
        0.7999999999999993,
        4.399999999999996,
        0.7999999999999993,
        2.7999999999999976,
        5.199999999999995,
        10.79999999999999,
        0.0,
        14.799999999999986
      ],
      [
        13.599999999999987,
        5.599999999999995,
        11.599999999999989,
        7.199999999999993,
        13.199999999999989,
        7.599999999999993,
        3.199999999999997,
        0.0
      ]
    ],
    [
      [
        0.0,
        3.199999999999997,
        12.799999999999988,
        8.799999999999992,
        1.9999999999999982,
        14.399999999999986,
        7.999999999999993,
        7.599999999999993
      ],
      [
        15.999999999999986,
        0.0,
        13.999999999999988,
        9.199999999999992,
        10.79999999999999,
        0.7999999999999993,
        4.399999999999996,
        6.799999999999994
      ],
      [
        11.599999999999989,
        10.39999999999999,
        0.0,
        2.7999999999999976,
        4.399999999999996,
        1.9999999999999982,
        12.799999999999988,
        5.599999999999995
      ],
      [
        10.79999999999999,
        3.5999999999999965,
        11.99999999999999,
        0.0,
        3.9999999999999964,
        9.999999999999991,
        13.599999999999987,
        0.39999999999999963
      ],
      [
        0.7999999999999993,
        1.1999999999999988,
        9.59999999999999,
        4.799999999999995,
        0.0,
        9.199999999999992,
        13.999999999999988,
        7.599999999999993
      ],
      [
        5.199999999999995,
        7.599999999999993,
        1.1999999999999988,
        13.199999999999989,
        5.999999999999995,
        0.0,
        13.199999999999989,
        2.7999999999999976
      ],
      [
        8.399999999999991,
        2.3999999999999977,
        10.39999999999999,
        5.199999999999995,
        13.599999999999987,
        2.3999999999999977,
        0.0,
        1.5999999999999985
      ],
      [
        11.19999999999999,
        15.199999999999987,
        11.19999999999999,
        8.399999999999991,
        11.599999999999989,
        11.99999999999999,
        12.799999999999988,
        0.0
      ]
    ],
    [
      [
        0.0,
        7.999999999999993,
        4.799999999999995,
        0.7999999999999993,
        5.599999999999995,
        9.59999999999999,
        9.59999999999999,
        10.79999999999999
      ],
      [
        0.39999999999999963,
        0.0,
        11.99999999999999,
        4.799999999999995,
        14.399999999999986,
        0.7999999999999993,
        10.79999999999999,
        13.199999999999989
      ],
      [
        14.799999999999986,
        8.799999999999992,
        0.0,
        11.599999999999989,
        5.599999999999995,
        6.399999999999994,
        12.399999999999988,
        1.1999999999999988
      ],
      [
        1.5999999999999985,
        10.39999999999999,
        15.999999999999986,
        0.0,
        4.799999999999995,
        7.599999999999993,
        11.99999999999999,
        12.799999999999988
      ],
      [
        15.599999999999985,
        10.39999999999999,
        14.399999999999986,
        15.199999999999987,
        0.0,
        0.7999999999999993,
        2.7999999999999976,
        12.399999999999988
      ],
      [
        1.5999999999999985,
        0.39999999999999963,
        3.199999999999997,
        9.999999999999991,
        11.19999999999999,
        0.0,
        9.59999999999999,
        9.999999999999991
      ],
      [
        4.399999999999996,
        1.1999999999999988,
        2.3999999999999977,
        15.199999999999987,
        7.199999999999993,
        15.599999999999985,
        0.0,
        3.5999999999999965
      ],
      [
        0.7999999999999993,
        7.199999999999993,
        3.199999999999997,
        15.599999999999985,
        12.399999999999988,
        13.999999999999988,
        15.199999999999987,
        0.0
      ]
    ],
    [
      [
        0.0,
        10.39999999999999,
        9.59999999999999,
        3.199999999999997,
        6.399999999999994,
        4.399999999999996,
        2.3999999999999977,
        4.799999999999995
      ],
      [
        15.599999999999985,
        0.0,
        3.9999999999999964,
        1.9999999999999982,
        3.9999999999999964,
        1.1999999999999988,
        0.0,
        14.399999999999986
      ],
      [
        2.7999999999999976,
        5.999999999999995,
        0.0,
        13.199999999999989,
        9.999999999999991,
        15.599999999999985,
        1.9999999999999982,
        12.399999999999988
      ],
      [
        2.7999999999999976,
        12.399999999999988,
        5.599999999999995,
        0.0,
        13.999999999999988,
        15.199999999999987,
        8.799999999999992,
        11.99999999999999
      ],
      [
        8.399999999999991,
        3.5999999999999965,
        5.999999999999995,
        15.199999999999987,
        0.0,
        7.999999999999993,
        5.599999999999995,
        0.39999999999999963
      ],
      [
        10.79999999999999,
        7.999999999999993,
        13.199999999999989,
        4.399999999999996,
        3.5999999999999965,
        0.0,
        7.199999999999993,
        11.599999999999989
      ],
      [
        6.399999999999994,
        4.799999999999995,
        1.9999999999999982,
        14.399999999999986,
        1.1999999999999988,
        12.399999999999988,
        0.0,
        15.199999999999987
